Grupo de anúncio,Palavra-chave,Tipo de correspondência,Lance máx. CPC
Criação de Sites,criar site para empresa,Frase,
Criação de Sites,criação de site profissional,Frase,
Criação de Sites,fazer site para minha empresa,Frase,
Criação de Sites,desenvolvimento de site institucional,Frase,
Criação de Sites,site profissional para empresa,Frase,
Criação de Sites,agência criação de sites,Frase,
Criação de Sites,empresa de criação de sites,Frase,
Criação de Sites,criar site empresarial,Frase,
Criação de Sites,site institucional preço,Frase,
Criação de Sites,quanto custa fazer um site,Frase,
Criação de Sites,preciso de um site profissional,Frase,
Criação de Sites,criação de site Santos,Frase,
Criação de Sites,agência web Santos,Frase,
Criação de Sites,desenvolvimento web Santos,Frase,
Criação de Sites,criar site,Ampla modificada,
Criação de Sites,criação de site,Ampla modificada,
Criação de Sites,site profissional,Ampla modificada,
Criação de Sites,desenvolvimento site,Ampla modificada,
