Palavra negativa,Tipo de correspondência
grátis,Ampla
gratuito,Ampla
free,Ampla
curso,Ampla
aula,Ampla
tutorial,Ampla
como fazer,Frase
passo a passo,Frase
template,Ampla
modelo pronto,Frase
wix,Exata
wordpress,Exata
hostinger,Exata
locaweb,Exata
vaga,Ampla
emprego,Ampla
freelancer,Ampla
freela,Ampla
trabalho,Ampla
carreira,Ampla
estágio,Ampla
programador,Ampla
desenvolvedor,Ampla
júnior,Ampla
pleno,Ampla
sênior,Ampla
senior,Ampla
remoto,Ampla
portfolio,Ampla
contratar programador,Frase
download,Ampla
pirata,Ampla
crackeado,Ampla
nulled,Ampla
barato,Ampla
baratinho,Ampla
aluguel,Ampla
